ID,Title,Content,Excerpt,Date,"Post Type",Permalink,"Image URL","Image Title","Image Caption","Image Description","Image Alt Text","Image Featured","Attachment URL","Portfolio Categories","Portfolio Tags",Status,"Author ID","Author Username","Author Email","Author First Name","Author Last Name",Slug,Format,Template,Parent,"Parent Slug",Order,"Comment Status","Ping Status","Post Modified Date"
151,"Sahara Tours Morocco","<h2>Brand identity and web development</h2>
<h2>Unique visual identity to
bring in digital market</h2>
<h2>Category</h2>
<h2>Development</h2>
<h2>Client</h2>
<h2>Envato</h2>
<h2>Start Date​</h2>
<h2>7 August 2021</h2>
<h2>Designer</h2>
<h2>ThemesCamp</h2>
<img src=""https://younessweb.me/wp-content/uploads/2024/11/2-2-1.jpg"" alt="""" data-lag=""0"" data-speed=""0.5"" />
<h2>Brand overview</h2>
<h2>Duis sed augue condimentum, blandit sapien in, accumsan eros. Curabitur sodales pulvinar libero et venenatis. Nullam eleifend risus a quam dictum auctor. Mauris at leo non dui euismod varius. Cras vel erat at est aliquam laoreet. Donec tincidunt, nunc eu gravida malesuada, tellus leo.</h2>
<h2>Maecenas sed tortor molestie, sagittis nibh sit amet, dapibus felis. Vivamus sed neque iaculis, ultrices nulla eu, venenatis dui. Praesent luctus urna eu dapibus pulvinar. Curabitur sed magna accumsan neque fermentum laoreet. Ut nunc.</h2>
<h2>Branding and identity</h2>
<h2>Websites and digital platforms</h2>
<h2>Content strategy for social media</h2>
<img src=""https://younessweb.me/wp-content/uploads/2024/11/img1-1-2.jpg"" alt="""" width=""954"" height=""944"" />
<img src=""https://younessweb.me/wp-content/uploads/2024/11/img2-1-2.jpg"" alt="""" width=""954"" height=""944"" />
<img src=""https://younessweb.me/wp-content/uploads/2024/11/3-2-1.jpg"" alt="""" width=""1500"" height=""721"" />
<h2>Product making for
friendly users</h2>
<h2>Duis sed augue condimentum, blandit sapien in, accumsan eros. Curabitur sodales pulvinar libero et venenatis. Nullam eleifend risus a quam dictum auctor. Mauris at leo non dui euismod varius. Cras vel erat at est aliquam laoreet.</h2>
<h2><button data-bs-toggle=""collapse"" data-bs-target=""#collapse1accordion674b0b28804dd"">
1.
Research </button></h2>
Once the wireframe get approved at step 1, we’ll build prototype design to visually the idea
<h2><button data-bs-toggle=""collapse"" data-bs-target=""#collapse2accordion674b0b28804dd"">
2.
Concept Design </button></h2>
Once the wireframe get approved at step 1, we’ll build prototype design to visually the idea
<h2><button data-bs-toggle=""collapse"" data-bs-target=""#collapse3accordion674b0b28804dd"">
3.
Implementation </button></h2>
Once the wireframe get approved at step 1, we’ll build prototype design to visually the idea
<h2><button data-bs-toggle=""collapse"" data-bs-target=""#collapse4accordion674b0b28804dd"">
4.
Testing </button></h2>
Once the wireframe get approved at step 1, we’ll build prototype design to visually the idea",,2025-09-26,portfolio,https://saharatoursmorocco.com/,https://younessweb.me/wp-content/uploads/2024/11/Screenshot-2025-08-27-at-23.17.16.png|https://younessweb.me/wp-content/uploads/2024/11/1-2.webp,"Screenshot 2025-08-27 at 23.17.16|1",|,|,|,https://younessweb.me/wp-content/uploads/2024/11/Screenshot-2025-08-27-at-23.17.16.png,,Travel,,publish,1,123,younes.masroure@gmail.com,,,photo-retouching,,default,0,0,0,open,closed,2025-09-26
154,Siblo,"<h2>Brand identity and web development</h2>
<h2>Unique visual identity to
bring in digital market</h2>
<h2>Category</h2>
<h2>Development</h2>
<h2>Client</h2>
<h2>Envato</h2>
<h2>Start Date​</h2>
<h2>7 August 2021</h2>
<h2>Designer</h2>
<h2>ThemesCamp</h2>
<img src=""https://younessweb.me/wp-content/uploads/2024/11/2-2-1.jpg"" alt="""" data-lag=""0"" data-speed=""0.5"" />
<h2>Brand overview</h2>
<h2>Duis sed augue condimentum, blandit sapien in, accumsan eros. Curabitur sodales pulvinar libero et venenatis. Nullam eleifend risus a quam dictum auctor. Mauris at leo non dui euismod varius. Cras vel erat at est aliquam laoreet. Donec tincidunt, nunc eu gravida malesuada, tellus leo.</h2>
<h2>Maecenas sed tortor molestie, sagittis nibh sit amet, dapibus felis. Vivamus sed neque iaculis, ultrices nulla eu, venenatis dui. Praesent luctus urna eu dapibus pulvinar. Curabitur sed magna accumsan neque fermentum laoreet. Ut nunc.</h2>
<h2>Branding and identity</h2>
<h2>Websites and digital platforms</h2>
<h2>Content strategy for social media</h2>
<img src=""https://younessweb.me/wp-content/uploads/2024/11/img1-1-2.jpg"" alt="""" width=""954"" height=""944"" />
<img src=""https://younessweb.me/wp-content/uploads/2024/11/img2-1-2.jpg"" alt="""" width=""954"" height=""944"" />
<img src=""https://younessweb.me/wp-content/uploads/2024/11/3-2-1.jpg"" alt="""" width=""1500"" height=""721"" />
<h2>Product making for
friendly users</h2>
<h2>Duis sed augue condimentum, blandit sapien in, accumsan eros. Curabitur sodales pulvinar libero et venenatis. Nullam eleifend risus a quam dictum auctor. Mauris at leo non dui euismod varius. Cras vel erat at est aliquam laoreet.</h2>
<h2><button data-bs-toggle=""collapse"" data-bs-target=""#collapse1accordion674b0b83b1c7e"">
1.
Research </button></h2>
Once the wireframe get approved at step 1, we’ll build prototype design to visually the idea
<h2><button data-bs-toggle=""collapse"" data-bs-target=""#collapse2accordion674b0b83b1c7e"">
2.
Concept Design </button></h2>
Once the wireframe get approved at step 1, we’ll build prototype design to visually the idea
<h2><button data-bs-toggle=""collapse"" data-bs-target=""#collapse3accordion674b0b83b1c7e"">
3.
Implementation </button></h2>
Once the wireframe get approved at step 1, we’ll build prototype design to visually the idea
<h2><button data-bs-toggle=""collapse"" data-bs-target=""#collapse4accordion674b0b83b1c7e"">
4.
Testing </button></h2>
Once the wireframe get approved at step 1, we’ll build prototype design to visually the idea",,2025-09-26,portfolio,https://siblopro.com/,https://younessweb.me/wp-content/uploads/2024/11/Screenshot-2025-08-28-at-00.14.02-scaled.png|https://younessweb.me/wp-content/uploads/2024/11/2-1.webp|https://younessweb.me/wp-content/uploads/2024/11/Screenshot-2025-08-28-at-00.07.35-scaled.png|https://younessweb.me/wp-content/uploads/2024/11/Screenshot-2025-08-27-at-23.59.22-1-scaled.png|https://younessweb.me/wp-content/uploads/2024/11/Screenshot-2025-08-28-at-00.01.11-1-scaled.png|https://younessweb.me/wp-content/uploads/2024/11/Screenshot-2025-08-28-at-00.05.47-1-scaled.png|https://younessweb.me/wp-content/uploads/2024/11/Screenshot-2025-08-28-at-00.08.05-scaled.png|https://younessweb.me/wp-content/uploads/2024/11/Screenshot-2025-08-28-at-00.10.43.png|https://younessweb.me/wp-content/uploads/2024/11/Screenshot-2025-08-28-at-00.11.45-scaled.png|https://younessweb.me/wp-content/uploads/2024/11/Screenshot-2025-08-28-at-00.13.03-scaled.png|https://younessweb.me/wp-content/uploads/2024/11/Screenshot-2025-08-28-at-00.16.16-scaled.png|https://younessweb.me/wp-content/uploads/2024/11/Screenshot-2025-08-28-at-00.16.25-scaled.png|https://younessweb.me/wp-content/uploads/2024/11/Screenshot-2025-08-28-at-00.17.26-scaled.png|https://younessweb.me/wp-content/uploads/2024/11/Screenshot-2025-08-28-at-00.20.51-scaled.png|https://younessweb.me/wp-content/uploads/2024/11/Screenshot-2025-08-28-at-00.21.48-scaled.png|https://younessweb.me/wp-content/uploads/2024/11/Screenshot-2025-08-28-at-00.24.10.png|https://younessweb.me/wp-content/uploads/2024/11/Screenshot-2025-08-28-at-00.29.03-scaled.png|https://younessweb.me/wp-content/uploads/2024/11/Screenshot-2025-08-28-at-00.30.02-scaled.png|https://younessweb.me/wp-content/uploads/2024/11/Screenshot-2025-08-28-at-00.55.09-scaled.png,"Screenshot 2025-08-28 at 00.14.02|2|Screenshot 2025-08-28 at 00.07.35|Screenshot 2025-08-27 at 23.59.22|Screenshot 2025-08-28 at 00.01.11|Screenshot 2025-08-28 at 00.05.47|Screenshot 2025-08-28 at 00.08.05|Screenshot 2025-08-28 at 00.10.43|Screenshot 2025-08-28 at 00.11.45|Screenshot 2025-08-28 at 00.13.03|Screenshot 2025-08-28 at 00.16.16|Screenshot 2025-08-28 at 00.16.25|Screenshot 2025-08-28 at 00.17.26|Screenshot 2025-08-28 at 00.20.51|Screenshot 2025-08-28 at 00.21.48|Screenshot 2025-08-28 at 00.24.10|Screenshot 2025-08-28 at 00.29.03|Screenshot 2025-08-28 at 00.30.02|Screenshot 2025-08-28 at 00.55.09",||||||||||||||||||,||||||||||||||||||,||||||||||||||||||,https://younessweb.me/wp-content/uploads/2024/11/Screenshot-2025-08-28-at-00.14.02-scaled.png,,Community,,publish,1,123,younes.masroure@gmail.com,,,photo-retouching-2,,default,0,0,0,open,closed,2025-09-26
157,"Moro Shoes","<h2>Brand identity and web development</h2>
<h2>Unique visual identity to
bring in digital market</h2>
<h2>Category</h2>
<h2>Development</h2>
<h2>Client</h2>
<h2>Envato</h2>
<h2>Start Date​</h2>
<h2>7 August 2021</h2>
<h2>Designer</h2>
<h2>ThemesCamp</h2>
<img src=""https://younessweb.me/wp-content/uploads/2024/11/2-2-1.jpg"" alt="""" data-lag=""0"" data-speed=""0.5"" />
<h2>Brand overview</h2>
<h2>Duis sed augue condimentum, blandit sapien in, accumsan eros. Curabitur sodales pulvinar libero et venenatis. Nullam eleifend risus a quam dictum auctor. Mauris at leo non dui euismod varius. Cras vel erat at est aliquam laoreet. Donec tincidunt, nunc eu gravida malesuada, tellus leo.</h2>
<h2>Maecenas sed tortor molestie, sagittis nibh sit amet, dapibus felis. Vivamus sed neque iaculis, ultrices nulla eu, venenatis dui. Praesent luctus urna eu dapibus pulvinar. Curabitur sed magna accumsan neque fermentum laoreet. Ut nunc.</h2>
<h2>Branding and identity</h2>
<h2>Websites and digital platforms</h2>
<h2>Content strategy for social media</h2>
<img src=""https://younessweb.me/wp-content/uploads/2024/11/img1-1-2.jpg"" alt="""" width=""954"" height=""944"" />
<img src=""https://younessweb.me/wp-content/uploads/2024/11/img2-1-2.jpg"" alt="""" width=""954"" height=""944"" />
<img src=""https://younessweb.me/wp-content/uploads/2024/11/3-2-1.jpg"" alt="""" width=""1500"" height=""721"" />
<h2>Product making for
friendly users</h2>
<h2>Duis sed augue condimentum, blandit sapien in, accumsan eros. Curabitur sodales pulvinar libero et venenatis. Nullam eleifend risus a quam dictum auctor. Mauris at leo non dui euismod varius. Cras vel erat at est aliquam laoreet.</h2>
<h2><button data-bs-toggle=""collapse"" data-bs-target=""#collapse1accordion674b0b90261f3"">
1.
Research </button></h2>
Once the wireframe get approved at step 1, we’ll build prototype design to visually the idea
<h2><button data-bs-toggle=""collapse"" data-bs-target=""#collapse2accordion674b0b90261f3"">
2.
Concept Design </button></h2>
Once the wireframe get approved at step 1, we’ll build prototype design to visually the idea
<h2><button data-bs-toggle=""collapse"" data-bs-target=""#collapse3accordion674b0b90261f3"">
3.
Implementation </button></h2>
Once the wireframe get approved at step 1, we’ll build prototype design to visually the idea
<h2><button data-bs-toggle=""collapse"" data-bs-target=""#collapse4accordion674b0b90261f3"">
4.
Testing </button></h2>
Once the wireframe get approved at step 1, we’ll build prototype design to visually the idea",,2025-09-26,portfolio,https://moro-shoes.shop/,https://younessweb.me/wp-content/uploads/2024/11/Screenshot-2025-08-27-at-23.14.39-scaled.png|https://younessweb.me/wp-content/uploads/2024/11/3-1.webp|https://younessweb.me/wp-content/uploads/2024/11/Screenshot-2025-08-27-at-23.17.16.png|https://younessweb.me/wp-content/uploads/2024/11/Screenshot-2025-08-27-at-23.59.22-scaled.png|https://younessweb.me/wp-content/uploads/2024/11/Screenshot-2025-08-28-at-00.01.11-scaled.png|https://younessweb.me/wp-content/uploads/2024/11/Screenshot-2025-08-28-at-00.05.47-scaled.png,"Screenshot 2025-08-27 at 23.14.39|3|Screenshot 2025-08-27 at 23.17.16|Screenshot 2025-08-27 at 23.59.22|Screenshot 2025-08-28 at 00.01.11|Screenshot 2025-08-28 at 00.05.47",|||||,|||||,|||||,https://younessweb.me/wp-content/uploads/2024/11/Screenshot-2025-08-27-at-23.14.39-scaled.png,,E-commerce,,publish,1,123,younes.masroure@gmail.com,,,photo-retouching-3,,default,0,0,0,open,closed,2025-09-26
160,"Tech Ventures","<h2>Brand identity and web development</h2>
<h2>Unique visual identity to
bring in digital market</h2>
<h2>Category</h2>
<h2>Development</h2>
<h2>Client</h2>
<h2>Envato</h2>
<h2>Start Date​</h2>
<h2>7 August 2021</h2>
<h2>Designer</h2>
<h2>ThemesCamp</h2>
<img src=""https://younessweb.me/wp-content/uploads/2024/11/2-2-1.jpg"" alt="""" data-lag=""0"" data-speed=""0.5"" />
<h2>Brand overview</h2>
<h2>Duis sed augue condimentum, blandit sapien in, accumsan eros. Curabitur sodales pulvinar libero et venenatis. Nullam eleifend risus a quam dictum auctor. Mauris at leo non dui euismod varius. Cras vel erat at est aliquam laoreet. Donec tincidunt, nunc eu gravida malesuada, tellus leo.</h2>
<h2>Maecenas sed tortor molestie, sagittis nibh sit amet, dapibus felis. Vivamus sed neque iaculis, ultrices nulla eu, venenatis dui. Praesent luctus urna eu dapibus pulvinar. Curabitur sed magna accumsan neque fermentum laoreet. Ut nunc.</h2>
<h2>Branding and identity</h2>
<h2>Websites and digital platforms</h2>
<h2>Content strategy for social media</h2>
<img src=""https://younessweb.me/wp-content/uploads/2024/11/img1-1-2.jpg"" alt="""" width=""954"" height=""944"" />
<img src=""https://younessweb.me/wp-content/uploads/2024/11/img2-1-2.jpg"" alt="""" width=""954"" height=""944"" />
<img src=""https://younessweb.me/wp-content/uploads/2024/11/3-2-1.jpg"" alt="""" width=""1500"" height=""721"" />
<h2>Product making for
friendly users</h2>
<h2>Duis sed augue condimentum, blandit sapien in, accumsan eros. Curabitur sodales pulvinar libero et venenatis. Nullam eleifend risus a quam dictum auctor. Mauris at leo non dui euismod varius. Cras vel erat at est aliquam laoreet.</h2>
<h2><button data-bs-toggle=""collapse"" data-bs-target=""#collapse1accordion674b0b9664962"">
1.
Research </button></h2>
Once the wireframe get approved at step 1, we’ll build prototype design to visually the idea
<h2><button data-bs-toggle=""collapse"" data-bs-target=""#collapse2accordion674b0b9664962"">
2.
Concept Design </button></h2>
Once the wireframe get approved at step 1, we’ll build prototype design to visually the idea
<h2><button data-bs-toggle=""collapse"" data-bs-target=""#collapse3accordion674b0b9664962"">
3.
Implementation </button></h2>
Once the wireframe get approved at step 1, we’ll build prototype design to visually the idea
<h2><button data-bs-toggle=""collapse"" data-bs-target=""#collapse4accordion674b0b9664962"">
4.
Testing </button></h2>
Once the wireframe get approved at step 1, we’ll build prototype design to visually the idea",,2025-09-26,portfolio,https://techs-spectacular-site-da0a9c.webflow.io/,https://younessweb.me/wp-content/uploads/2024/11/Screenshot-2025-08-27-at-22.44.36-scaled.png|https://younessweb.me/wp-content/uploads/2024/11/2-4.jpg,"Screenshot 2025-08-27 at 22.44.36|2",|,|,|,https://younessweb.me/wp-content/uploads/2024/11/Screenshot-2025-08-27-at-22.44.36-scaled.png,,Business,,publish,1,123,younes.masroure@gmail.com,,,photo-retouching-4,,default,0,0,0,open,closed,2025-09-26
1241,Nozabrand,,,2025-09-25,portfolio,https://nozabrand.com/,https://younessweb.me/wp-content/uploads/2024/11/Screenshot-2025-08-28-at-00.17.26-scaled.png,"Screenshot 2025-08-28 at 00.17.26",,,,https://younessweb.me/wp-content/uploads/2024/11/Screenshot-2025-08-28-at-00.17.26-scaled.png,,E-commerce,,publish,1,123,younes.masroure@gmail.com,,,nozabrand,,default,0,0,0,open,closed,2025-09-26
1243,Après,,,2025-09-24,portfolio,#,https://younessweb.me/wp-content/uploads/2024/11/Screenshot-2025-08-28-at-00.20.51-scaled.png,"Screenshot 2025-08-28 at 00.20.51",,,,https://younessweb.me/wp-content/uploads/2024/11/Screenshot-2025-08-28-at-00.20.51-scaled.png,,E-commerce,,publish,1,123,younes.masroure@gmail.com,,,apes,,default,0,0,0,open,closed,2025-09-26
1245,"Boualioui Academy",,,2025-09-25,portfolio,https://boualioui.academy/,https://younessweb.me/wp-content/uploads/2024/11/Screenshot-2025-08-28-at-00.30.02-scaled.png,"Screenshot 2025-08-28 at 00.30.02",,,,https://younessweb.me/wp-content/uploads/2024/11/Screenshot-2025-08-28-at-00.30.02-scaled.png,,Education,,publish,1,123,younes.masroure@gmail.com,,,boualioui-academy,,default,0,0,0,open,closed,2025-09-26
1250,"Njoyit Cosmetics",,,2025-08-28,portfolio,https://njoyitcosmetics.com/,https://younessweb.me/wp-content/uploads/2024/11/Screenshot-2025-08-28-at-00.21.48-scaled.png,"Screenshot 2025-08-28 at 00.21.48",,,,https://younessweb.me/wp-content/uploads/2024/11/Screenshot-2025-08-28-at-00.21.48-scaled.png,,E-commerce,,publish,1,123,younes.masroure@gmail.com,,,njoyit-cosmetics,,default,0,0,0,open,closed,2025-08-28
1252,Incanti.co,,,2024-09-26,portfolio,https://incanti.co/,https://younessweb.me/wp-content/uploads/2024/11/Screenshot-2025-08-27-at-23.59.22-scaled.png,"Screenshot 2025-08-27 at 23.59.22",,,,https://younessweb.me/wp-content/uploads/2024/11/Screenshot-2025-08-27-at-23.59.22-scaled.png,,Business,,publish,1,123,younes.masroure@gmail.com,,,incanti-co,,default,0,0,0,open,closed,2026-03-25
1254,"Summer Forever",,,2025-09-26,portfolio,https://summerforever.us/,https://younessweb.me/wp-content/uploads/2024/11/Screenshot-2025-08-28-at-00.01.11-scaled.png,"Screenshot 2025-08-28 at 00.01.11",,,,https://younessweb.me/wp-content/uploads/2024/11/Screenshot-2025-08-28-at-00.01.11-scaled.png,,E-commerce,,publish,1,123,younes.masroure@gmail.com,,,summer-forever,,default,0,0,0,open,closed,2026-03-25
1256,"Muse Club",,,2024-08-28,portfolio,#,https://younessweb.me/wp-content/uploads/2024/11/Screenshot-2025-08-28-at-00.08.05-scaled.png,"Screenshot 2025-08-28 at 00.08.05",,,,https://younessweb.me/wp-content/uploads/2024/11/Screenshot-2025-08-28-at-00.08.05-scaled.png,,Booking,,publish,1,123,younes.masroure@gmail.com,,,muse-club,,default,0,0,0,open,closed,2026-01-15
1258,"Noure Lhayat",,,2025-08-28,portfolio,#,https://younessweb.me/wp-content/uploads/2024/11/Screenshot-2025-08-28-at-00.07.35-scaled.png,"Screenshot 2025-08-28 at 00.07.35",,,,https://younessweb.me/wp-content/uploads/2024/11/Screenshot-2025-08-28-at-00.07.35-scaled.png,,Medical,,publish,1,123,younes.masroure@gmail.com,,,noure-lhayat,,default,0,0,0,open,closed,2026-03-25
1260,"Yns web",,,2025-09-22,portfolio,https://unrivaled-youtiao-5873f3.netlify.app/,https://younessweb.me/wp-content/uploads/2024/11/Screenshot-2025-08-28-at-00.11.45-scaled.png,"Screenshot 2025-08-28 at 00.11.45",,,,https://younessweb.me/wp-content/uploads/2024/11/Screenshot-2025-08-28-at-00.11.45-scaled.png,,Portfolio,,publish,1,123,younes.masroure@gmail.com,,,yns-web,,default,0,0,0,open,closed,2025-09-26
1262,Stylewox,,,2025-08-28,portfolio,#,https://younessweb.me/wp-content/uploads/2025/08/Screenshot-2025-08-28-at-21.17.39-scaled.png,"Screenshot 2025-08-28 at 21.17.39",,,,https://younessweb.me/wp-content/uploads/2025/08/Screenshot-2025-08-28-at-21.17.39-scaled.png,,E-commerce,,publish,1,123,younes.masroure@gmail.com,,,stylewox,,default,0,0,0,open,closed,2026-01-31
1265,"Salon Mouna",,,2024-08-28,portfolio,#,https://younessweb.me/wp-content/uploads/2024/11/Screenshot-2025-08-28-at-00.05.47-scaled.png,"Screenshot 2025-08-28 at 00.05.47",,,,https://younessweb.me/wp-content/uploads/2024/11/Screenshot-2025-08-28-at-00.05.47-scaled.png,,Booking,,publish,1,123,younes.masroure@gmail.com,,,salon-mouna,,default,0,0,0,open,closed,2026-01-15
1267,Pommade,,,2025-08-28,portfolio,https://tubular-sfogliatella-9e68f6.netlify.app/,https://younessweb.me/wp-content/uploads/2024/11/Screenshot-2025-08-28-at-00.13.03-scaled.png,"Screenshot 2025-08-28 at 00.13.03",,,,https://younessweb.me/wp-content/uploads/2024/11/Screenshot-2025-08-28-at-00.13.03-scaled.png,,Medical,,publish,1,123,younes.masroure@gmail.com,,,pommade,,default,0,0,0,open,closed,2025-08-28
1269,"Touch Screen",,,2023-08-28,portfolio,#,https://younessweb.me/wp-content/uploads/2024/11/Screenshot-2025-08-28-at-00.29.03-scaled.png,"Screenshot 2025-08-28 at 00.29.03",,,,https://younessweb.me/wp-content/uploads/2024/11/Screenshot-2025-08-28-at-00.29.03-scaled.png,,"Landing Page",,publish,1,123,younes.masroure@gmail.com,,,touch-screen,,default,0,0,0,open,closed,2025-09-26
1271,"Web design",,,2025-08-28,portfolio,https://master--luminous-dasik-c462ea.netlify.app/,https://younessweb.me/wp-content/uploads/2024/11/Screenshot-2025-08-28-at-00.55.09-scaled.png,"Screenshot 2025-08-28 at 00.55.09",,,,https://younessweb.me/wp-content/uploads/2024/11/Screenshot-2025-08-28-at-00.55.09-scaled.png,,Portfolio,,publish,1,123,younes.masroure@gmail.com,,,kay-33,,default,0,0,0,open,closed,2025-08-28
1274,"Charms Beauty",,,2023-08-28,portfolio,http://charmsbeauty.ca,https://younessweb.me/wp-content/uploads/2025/08/2e46f6132518145.61aa5bc46cc87.jpg,2e46f6132518145.61aa5bc46cc87,,,,https://younessweb.me/wp-content/uploads/2025/08/2e46f6132518145.61aa5bc46cc87.jpg,,E-commerce,,publish,1,123,younes.masroure@gmail.com,,,charms-beauty,,default,0,0,0,open,closed,2025-09-26
1277,"Mr Rapers",,,2025-01-28,portfolio,#,https://younessweb.me/wp-content/uploads/2025/08/shutterstock_1718636101-1-scaled-1.jpg|https://younessweb.me/wp-content/uploads/2025/08/handful-of-caper-buds-agbaaqmwkl.jpg,shutterstock_1718636101-1-scaled|handful-of-caper-buds-agbaaqmwkl,|,|,|,https://younessweb.me/wp-content/uploads/2025/08/shutterstock_1718636101-1-scaled-1.jpg,,Blog,,publish,1,123,younes.masroure@gmail.com,,,mr-rapers,,default,0,0,0,open,closed,2025-09-26
1281,3chab,,,2023-08-28,portfolio,http://3chab.ma/,https://younessweb.me/wp-content/uploads/2025/08/scale_1200-2.jpg,"scale_1200 (2)",,,,https://younessweb.me/wp-content/uploads/2025/08/scale_1200-2.jpg,,E-commerce,,publish,1,123,younes.masroure@gmail.com,,,3chab,,default,0,0,0,open,closed,2025-09-26
1613,"M Cleaning Company LLC",,,2025-09-26,portfolio,https://mcleaningcompanyllc.com/,https://younessweb.me/wp-content/uploads/2025/09/Screenshot-2025-09-26-at-13.03.13-scaled.png,"Screenshot 2025-09-26 at 13.03.13",,,,https://younessweb.me/wp-content/uploads/2025/09/Screenshot-2025-09-26-at-13.03.13-scaled.png,,Booking,,publish,1,123,younes.masroure@gmail.com,,,m-cleaning-company-llc,,default,0,0,0,open,closed,2025-09-26
1627,"Green Home Sytems",,,2025-10-19,portfolio,https://greenhome-systems.com/,https://younessweb.me/wp-content/uploads/2025/10/Screenshot-2025-10-19-at-12.47.10-scaled.png|https://younessweb.me/wp-content/uploads/2025/10/Screenshot-2025-10-19-at-12.46.56-scaled.png,"Screenshot 2025-10-19 at 12.47.10|Screenshot 2025-10-19 at 12.46.56",|,|,|,https://younessweb.me/wp-content/uploads/2025/10/Screenshot-2025-10-19-at-12.47.10-scaled.png,,Business,,publish,1,123,younes.masroure@gmail.com,,,green-home-sytems,,default,0,0,0,open,closed,2025-10-31
1668,"Magic Lavage",,,2025-11-25,portfolio,https://magiclav.ma/,https://younessweb.me/wp-content/uploads/2025/11/Screenshot-2025-11-25-at-19.32.41-scaled.png,"Screenshot 2025-11-25 at 19.32.41",,,,https://younessweb.me/wp-content/uploads/2025/11/Screenshot-2025-11-25-at-19.32.41-scaled.png,,Business,,publish,4,YounessWeb,you.mas2005@gmail.com,,,magic-lavage,,default,0,0,0,open,closed,2025-11-25
1675,"Moroccan Travel Guide",,,2025-11-25,portfolio,https://moroccantravelguide.com/,https://younessweb.me/wp-content/uploads/2025/11/Screenshot-2025-11-25-at-23.58.26-scaled.png,"Screenshot 2025-11-25 at 23.58.26",,,,https://younessweb.me/wp-content/uploads/2025/11/Screenshot-2025-11-25-at-23.58.26-scaled.png,,Travel,,publish,4,YounessWeb,you.mas2005@gmail.com,,,moroccan-travel-guide,,default,0,0,0,open,closed,2025-11-25
1678,HAcademy,,,2025-08-25,portfolio,https://h-academy.space/,https://younessweb.me/wp-content/uploads/2025/11/Screenshot-2025-11-26-at-00.01.19-scaled.png,"Screenshot 2025-11-26 at 00.01.19",,,,https://younessweb.me/wp-content/uploads/2025/11/Screenshot-2025-11-26-at-00.01.19-scaled.png,,Education,,draft,4,YounessWeb,you.mas2005@gmail.com,,,hacademy,,default,0,0,0,open,closed,2025-12-26
1681,"100 DRyal",,,1970-01-01,portfolio,https://younessweb.me/?post_type=portfolio&p=1681,https://younessweb.me/wp-content/uploads/2025/11/Screenshot-2025-11-29-at-23.54.56-scaled.png,"Screenshot 2025-11-29 at 23.54.56",,,,,,,,draft,4,YounessWeb,you.mas2005@gmail.com,,,,,,0,0,0,open,closed,2025-11-29
1684,"100 Dryal",,,2025-11-29,portfolio,https://100dryal.com/,https://younessweb.me/wp-content/uploads/2025/11/Screenshot-2025-11-29-at-23.54.56-scaled.png,"Screenshot 2025-11-29 at 23.54.56",,,,https://younessweb.me/wp-content/uploads/2025/11/Screenshot-2025-11-29-at-23.54.56-scaled.png,,E-commerce,,publish,4,YounessWeb,you.mas2005@gmail.com,,,100-dryal,,default,0,0,0,open,closed,2025-11-29
1688,"Myriam Parfumerie",,,2025-12-21,portfolio,https://myriamparfumerie.ma/,https://younessweb.me/wp-content/uploads/2025/12/Screenshot-2025-12-21-at-15.36.55-scaled.png,"Screenshot 2025-12-21 at 15.36.55",,,,https://younessweb.me/wp-content/uploads/2025/12/Screenshot-2025-12-21-at-15.36.55-scaled.png,,Booking,,publish,4,YounessWeb,you.mas2005@gmail.com,,,myriam-parfumerie,,default,0,0,0,open,closed,2025-12-21
1691,Ayssoun,,,2025-12-21,portfolio,https://ayssoun.com/,https://younessweb.me/wp-content/uploads/2025/12/Screenshot-2025-12-21-at-15.40.24-scaled.png,"Screenshot 2025-12-21 at 15.40.24",,,,https://younessweb.me/wp-content/uploads/2025/12/Screenshot-2025-12-21-at-15.40.24-scaled.png,,E-commerce,,publish,4,YounessWeb,you.mas2005@gmail.com,,,ayssoun,,default,0,0,0,open,closed,2025-12-21
1694,"Krissi Couture",,,2025-12-21,portfolio,https://krissicouture.com/,https://younessweb.me/wp-content/uploads/2025/12/Screenshot-2025-12-21-at-15.44.03-scaled.png,"Screenshot 2025-12-21 at 15.44.03",,,,https://younessweb.me/wp-content/uploads/2025/12/Screenshot-2025-12-21-at-15.44.03-scaled.png,,E-commerce,,draft,4,YounessWeb,you.mas2005@gmail.com,,,krissi-couture,,default,0,0,0,open,closed,2025-12-25
1757,"O’TAS Fencing & Gates",,,2026-01-08,portfolio,https://otasfencing.com/,https://younessweb.me/wp-content/uploads/2026/01/Screenshot-2026-01-08-at-23.24.22-scaled.png,"Screenshot 2026-01-08 at 23.24.22",,,,https://younessweb.me/wp-content/uploads/2026/01/Screenshot-2026-01-08-at-23.24.22-scaled.png,,Business,,publish,1,123,younes.masroure@gmail.com,,,otas-fencing-gatesotas-fencing-gates,,default,0,0,0,open,closed,2026-01-08
1774,"Star Tech",,,2026-01-31,portfolio,https://perseetech.com/,https://younessweb.me/wp-content/uploads/2026/01/Screenshot-2026-01-31-at-12.46.35-scaled.png,"Screenshot 2026-01-31 at 12.46.35",,,,https://younessweb.me/wp-content/uploads/2026/01/Screenshot-2026-01-31-at-12.46.35-scaled.png,,E-commerce,,publish,1,123,younes.masroure@gmail.com,,,star-tech,,default,0,0,0,open,closed,2026-01-31
1778,"Auralux Parfums",,,2025-12-10,portfolio,https://auraluxparfums.com/,https://younessweb.me/wp-content/uploads/2026/02/Screenshot-2026-02-10-at-14.46.59-scaled.png|https://younessweb.me/wp-content/uploads/2026/02/Screenshot-2026-02-10-at-14.49.34-scaled.png|https://younessweb.me/wp-content/uploads/2026/02/Screenshot-2026-02-10-at-14.48.22-scaled.png,"Screenshot 2026-02-10 at 14.46.59|Screenshot 2026-02-10 at 14.49.34|Screenshot 2026-02-10 at 14.48.22",||,||,||,https://younessweb.me/wp-content/uploads/2026/02/Screenshot-2026-02-10-at-14.46.59-scaled.png,,E-commerce,,publish,1,123,younes.masroure@gmail.com,,,star-tech-2,,default,0,0,0,open,closed,2026-02-10
1785,Fresco,,,2025-11-10,portfolio,https://fresco.ma/,https://younessweb.me/wp-content/uploads/2026/02/Screenshot-2026-02-10-at-14.48.22-scaled.png,"Screenshot 2026-02-10 at 14.48.22",,,,https://younessweb.me/wp-content/uploads/2026/02/Screenshot-2026-02-10-at-14.48.22-scaled.png,,E-commerce,,publish,1,123,younes.masroure@gmail.com,,,fresco,,default,0,0,0,open,closed,2026-02-10
1788,"5 w Khmis",,,2026-02-01,portfolio,https://5wkhmis.com/,https://younessweb.me/wp-content/uploads/2026/03/Screenshot-2026-03-26-at-00.01.32-scaled.png|https://younessweb.me/wp-content/uploads/2026/03/Screenshot-2026-03-26-at-00.00.15-scaled.png|https://younessweb.me/wp-content/uploads/2026/03/Screenshot-2026-03-25-at-23.59.48-scaled.png,"Screenshot 2026-03-26 at 00.01.32|Screenshot 2026-03-26 at 00.00.15|Screenshot 2026-03-25 at 23.59.48",||,||,||,https://younessweb.me/wp-content/uploads/2026/03/Screenshot-2026-03-26-at-00.01.32-scaled.png,,E-commerce,,publish,1,123,younes.masroure@gmail.com,,,5-w-khmis,,default,0,0,0,open,closed,2026-04-27
1793,"Light Way Pro",,,2026-03-25,portfolio,#,https://younessweb.me/wp-content/uploads/2026/03/Screenshot-2026-03-26-at-00.00.15-scaled.png,"Screenshot 2026-03-26 at 00.00.15",,,,https://younessweb.me/wp-content/uploads/2026/03/Screenshot-2026-03-26-at-00.00.15-scaled.png,,Business,,publish,1,123,younes.masroure@gmail.com,,,light-way-pro,,default,0,0,0,open,closed,2026-06-18
1796,"Cutt Salons",,,2026-03-25,portfolio,https://cuttsalons.com/,https://younessweb.me/wp-content/uploads/2026/03/Screenshot-2026-03-25-at-23.59.48-scaled.png,"Screenshot 2026-03-25 at 23.59.48",,,,https://younessweb.me/wp-content/uploads/2026/03/Screenshot-2026-03-25-at-23.59.48-scaled.png,,Booking,,publish,1,123,younes.masroure@gmail.com,,,cutt-salons,,default,0,0,0,open,closed,2026-03-25
1900,"Mille & Un Fil",,,2026-03-10,portfolio,https://1001fil.com/,https://younessweb.me/wp-content/uploads/2026/04/Screenshot-2026-04-27-at-20.55.22-scaled.png,"Screenshot 2026-04-27 at 20.55.22",,,,https://younessweb.me/wp-content/uploads/2026/04/Screenshot-2026-04-27-at-20.55.22-scaled.png,,"Business|Landing Page",,publish,1,123,younes.masroure@gmail.com,,,mille-un-fil,,default,0,0,0,open,closed,2026-04-27
1904,"AMA Aménagement",,,2025-02-10,portfolio,https://ama-textile.com/,https://younessweb.me/wp-content/uploads/2026/05/Screenshot-2026-05-06-at-23.06.41-scaled.png,"Screenshot 2026-05-06 at 23.06.41",,,,https://younessweb.me/wp-content/uploads/2026/05/Screenshot-2026-05-06-at-23.06.41-scaled.png,,"Business|Landing Page",,publish,1,123,younes.masroure@gmail.com,,,ama-amenagement,,default,0,0,0,open,closed,2026-06-18
1909,Mawlo,,,2026-06-04,portfolio,https://mawlo.co/,https://younessweb.me/wp-content/uploads/2026/06/Screenshot-2026-06-04-at-22.15.34-scaled.png,"Screenshot 2026-06-04 at 22.15.34",,,,https://younessweb.me/wp-content/uploads/2026/06/Screenshot-2026-06-04-at-22.15.34-scaled.png,,E-commerce,,publish,1,123,younes.masroure@gmail.com,,,mawlo,,default,0,0,0,open,closed,2026-06-04
1913,"Nakama Store",,,2026-06-18,portfolio,https://nakamastore.ma/,https://younessweb.me/wp-content/uploads/2026/06/Screenshot-2026-06-19-at-00.23.44-scaled.png,"Screenshot 2026-06-19 at 00.23.44",,,,https://younessweb.me/wp-content/uploads/2026/06/Screenshot-2026-06-19-at-00.23.44-scaled.png,,E-commerce,,publish,1,123,younes.masroure@gmail.com,,,nakama-storenakama-store,,default,0,0,0,open,closed,2026-06-18
